id,seismic,seismoacoustic,shift,genergy,gpuls,gdenergy,gdpuls,ghazard,nbumps,nbumps2,nbumps3,nbumps4,nbumps5,nbumps6,nbumps7,nbumps89,energy,maxenergy,class
1,a,a,W,37640,596,37,58,a,0,0,0,0,0,0,0,0,0,0,0
2,a,b,W,42930,341,54,-11,a,5,2,3,0,0,0,0,0,6200,3000,0
3,b,b,W,45470,573,64,65,a,8,5,2,1,0,0,0,0,33600,20000,0
4,b,b,W,17150,198,-39,-44,a,3,1,1,1,0,0,0,0,24200,20000,0
5,b,a,W,44600,591,64,75,a,1,0,1,0,0,0,0,0,2000,2000,0
6,b,a,W,40150,525,33,40,a,0,0,0,0,0,0,0,0,0,0,0
7,a,a,W,17860,200,-44,-50,a,2,1,1,0,0,0,0,0,4200,4000,0
8,a,a,N,4190,43,-58,-49,a,0,0,0,0,0,0,0,0,0,0,0
9,a,a,N,1150,22,-88,-73,a,1,1,0,0,0,0,0,0,100,100,0
10,a,a,N,2020,18,-76,-76,a,1,1,0,0,0,0,0,0,400,400,0
11,a,a,N,1650,21,-79,-69,a,0,0,0,0,0,0,0,0,0,0,0
12,a,a,N,6040,41,-13,-33,a,2,1,1,0,0,0,0,0,3300,3000,0
13,a,a,W,13690,147,-66,-67,a,2,1,1,0,0,0,0,0,3300,3000,0
14,a,a,W,54830,694,46,68,a,5,3,2,0,0,0,0,0,4000,1000,0
15,a,a,W,34280,460,-12,5,a,1,0,1,0,0,0,0,0,3000,3000,0
16,a,a,W,24970,325,-35,-26,a,2,0,2,0,0,0,0,0,4000,3000,0
17,a,a,W,46740,553,27,29,a,6,3,3,0,0,0,0,0,5800,2000,0
18,a,a,W,23040,318,-39,-28,a,2,1,1,0,0,0,0,0,1300,1000,0
19,a,b,N,5380,90,-18,58,a,1,0,1,0,0,0,0,0,2000,2000,0
20,a,b,W,33540,570,-6,34,a,0,0,0,0,0,0,0,0,0,0,0
21,a,b,W,39980,629,14,43,b,2,1,1,0,0,0,0,0,2800,2000,0
22,a,b,W,60910,882,55,62,a,2,0,1,0,1,0,0,0,303000,300000,0
23,a,b,W,150220,709,53,-25,a,2,0,1,1,0,0,0,0,23000,20000,0
24,b,b,W,109110,417,6,-54,a,2,2,0,0,0,0,0,0,1300,800,0
25,b,b,W,70490,330,-38,-37,a,6,1,5,0,0,0,0,0,10300,3000,0
26,a,b,W,83570,488,-24,-3,a,3,2,1,0,0,0,0,0,1800,1000,0
27,a,b,W,46580,260,-56,-48,a,1,0,1,0,0,0,0,0,2000,2000,0
28,a,a,N,6500,67,-87,-87,a,0,0,0,0,0,0,0,0,0,0,0
29,a,a,N,5310,49,-88,-89,a,0,0,0,0,0,0,0,0,0,0,0
30,a,a,N,5770,45,-86,-89,a,1,0,1,0,0,0,0,0,2000,2000,0
31,b,a,W,96070,537,3,19,a,3,1,1,1,0,0,0,0,49200,40000,0
32,b,a,W,40800,222,-56,-51,a,3,1,2,0,0,0,0,0,5800,3000,0
33,b,a,W,38070,220,-55,-48,a,2,1,1,0,0,0,0,0,7900,7000,0
34,b,a,W,32310,194,-56,-49,a,4,1,2,1,0,0,0,0,28400,20000,0
35,b,a,W,39760,211,-38,-39,a,3,3,0,0,0,0,0,0,1600,900,0
36,b,a,W,74940,360,31,15,a,2,2,0,0,0,0,0,0,500,400,0
37,a,a,W,63950,297,11,-6,a,0,0,0,0,0,0,0,0,0,0,0
38,a,a,W,54030,335,-3,13,a,6,3,3,0,0,0,0,0,13300,9000,0
39,a,a,W,44080,339,-22,11,a,2,1,1,0,0,0,0,0,3700,3000,0
40,a,a,W,33580,268,-39,-13,a,1,0,1,0,0,0,0,0,4000,4000,0
41,a,a,W,34980,296,-29,5,a,0,0,0,0,0,0,0,0,0,0,0
42,a,a,W,40850,340,-16,18,a,2,2,0,0,0,0,0,0,400,200,0
43,a,a,N,4050,34,-31,-37,a,1,1,0,0,0,0,0,0,600,600,0
44,a,a,N,6320,32,11,-38,a,1,0,1,0,0,0,0,0,4000,4000,0
45,a,a,W,26130,220,-46,-27,a,2,1,1,0,0,0,0,0,2200,2000,0
46,a,a,W,34820,270,-22,-6,a,1,1,0,0,0,0,0,0,300,300,0
47,a,a,N,4410,76,-23,53,a,0,0,0,0,0,0,0,0,0,0,0
48,a,a,N,3280,40,-41,-23,a,1,1,0,0,0,0,0,0,200,200,0
49,a,a,N,6070,46,14,-9,a,1,0,1,0,0,0,0,0,3000,3000,0
50,a,a,W,17660,140,-60,-52,a,1,1,0,0,0,0,0,0,900,900,0
51,a,a,W,21240,138,-50,-52,a,1,1,0,0,0,0,0,0,700,700,0
52,a,a,W,37710,233,2,-12,a,1,0,1,0,0,0,0,0,2000,2000,0
53,b,a,W,43940,327,41,36,a,2,0,1,1,0,0,0,0,41000,40000,0
54,b,a,W,31770,231,2,-3,a,3,1,2,0,0,0,0,0,10400,8000,0
55,b,a,W,16450,141,-47,-40,a,3,2,1,0,0,0,0,0,3800,3000,0
56,b,a,W,39660,325,42,54,a,5,2,2,1,0,0,0,0,34000,30000,0
57,b,a,W,19220,149,-34,-33,a,6,2,4,0,0,0,0,0,10700,5000,0
58,b,a,W,47010,375,57,63,a,4,2,1,0,1,0,0,0,204400,200000,0
59,b,a,W,8610,79,-74,-69,a,1,0,1,0,0,0,0,0,5000,5000,0
60,b,a,W,27810,265,-6,11,a,1,1,0,0,0,0,0,0,500,500,0
61,a,a,W,36600,341,20,37,a,3,0,3,0,0,0,0,0,13000,7000,0
62,a,a,N,5640,58,6,17,a,1,0,1,0,0,0,0,0,5000,5000,0
63,a,a,W,27870,238,-6,-5,a,0,0,0,0,0,0,0,0,0,0,0
64,a,a,W,34150,346,17,38,a,2,1,1,0,0,0,0,0,6300,6000,0
65,a,a,N,3040,63,-43,26,a,0,0,0,0,0,0,0,0,0,0,0
66,a,a,N,2410,39,-52,-24,a,0,0,0,0,0,0,0,0,0,0,0
67,a,a,N,3960,35,-14,-27,a,1,0,1,0,0,0,0,0,1000,1000,0
68,b,a,W,49520,405,60,49,a,4,0,3,1,0,0,0,0,72000,60000,0
69,b,b,W,51910,495,57,73,b,0,0,0,0,0,0,0,0,0,0,0
70,b,b,W,13600,215,-60,-29,b,2,1,1,0,0,0,0,0,3600,3000,0
71,a,b,W,40140,417,19,35,a,6,2,4,0,0,0,0,0,11300,4000,0
72,b,a,W,23200,264,-28,-18,a,3,2,0,1,0,0,0,0,40600,40000,0
73,b,a,W,26670,444,-17,39,a,0,0,0,0,0,0,0,0,0,0,0
74,b,a,W,26860,282,-46,-44,a,2,0,2,0,0,0,0,0,5000,3000,0
75,b,a,W,17570,211,-61,-53,a,4,3,0,1,0,0,0,0,70800,70000,0
76,b,a,W,11800,133,-47,-46,a,2,1,1,0,0,0,0,0,3300,3000,0
77,b,a,W,40250,451,91,91,a,4,3,1,0,0,0,0,0,2900,2000,0
78,a,a,W,45180,370,98,44,a,4,2,2,0,0,0,0,0,5800,3000,0
79,a,a,W,25650,157,2,-42,a,4,1,3,0,0,0,0,0,16900,8000,0
80,a,a,W,48530,485,90,87,a,2,1,1,0,0,0,0,0,1300,1000,0
81,a,a,W,45350,469,14,21,a,4,1,3,0,0,0,0,0,6400,3000,0
82,a,b,W,31710,352,-20,-9,a,2,2,0,0,0,0,0,0,1000,500,0
83,a,b,N,4520,50,-82,-80,a,0,0,0,0,0,0,0,0,0,0,0
84,a,b,N,7400,47,-68,-80,a,1,0,1,0,0,0,0,0,3000,3000,0
85,b,b,W,50890,602,42,69,a,2,1,0,1,0,0,0,0,70500,70000,0
86,b,a,W,40880,519,12,40,a,1,1,0,0,0,0,0,0,600,600,0
87,b,a,W,30430,308,-16,-19,a,2,1,1,0,0,0,0,0,4500,4000,0
88,b,a,W,65490,735,60,72,a,3,0,2,1,0,0,0,0,72000,60000,0
89,b,a,W,31440,361,-27,-22,a,3,2,1,0,0,0,0,0,4600,4000,0
90,b,a,W,51660,626,19,29,a,1,1,0,0,0,0,0,0,500,500,0
91,a,a,W,45080,468,3,-6,a,3,2,1,0,0,0,0,0,2000,1000,0
92,a,a,W,48100,582,10,17,a,4,2,2,0,0,0,0,0,12100,7000,0
93,a,a,W,90330,913,98,75,a,4,2,2,0,0,0,0,0,14100,7000,0
94,b,b,W,36430,500,-31,-16,a,2,0,1,1,0,0,0,0,94000,90000,0
95,b,b,W,65150,952,25,60,a,4,3,1,0,0,0,0,0,4100,2000,0
96,b,b,W,40030,577,-28,-13,a,0,0,0,0,0,0,0,0,0,0,0
97,a,b,W,45170,579,-14,-10,a,1,0,1,0,0,0,0,0,2000,2000,0
98,a,b,W,93510,1375,86,120,b,3,2,1,0,0,0,0,0,5700,5000,0
99,a,b,W,59240,941,5,29,a,3,1,2,0,0,0,0,0,5200,3000,0
100,a,b,N,11130,126,-47,-40,a,3,1,2,0,0,0,0,0,4900,3000,0
101,a,b,N,2960,49,-62,-34,a,0,0,0,0,0,0,0,0,0,0,0
102,a,b,N,10520,72,46,1,a,1,0,1,0,0,0,0,0,5000,5000,0
103,b,a,W,79790,1419,39,80,a,3,2,0,1,0,0,0,0,21200,20000,0
104,b,a,W,58160,897,-4,3,a,3,2,1,0,0,0,0,0,1900,1000,0
105,b,a,W,55890,1204,-3,34,a,5,0,2,3,0,0,0,0,149000,80000,0
106,b,b,N,8660,205,16,188,b,1,0,0,1,0,0,0,0,10000,10000,0
107,a,b,W,23290,592,-58,-37,b,1,1,0,0,0,0,0,0,500,500,0
108,a,b,W,21000,523,-61,-44,b,1,0,1,0,0,0,0,0,8000,8000,0
109,a,b,W,24570,434,-52,-53,a,2,1,1,0,0,0,0,0,3600,3000,0
110,a,b,W,56350,999,26,19,a,2,2,0,0,0,0,0,0,1000,800,0
111,a,a,W,31900,643,-28,-24,a,2,2,0,0,0,0,0,0,1100,700,0
112,a,a,W,23920,359,-45,-57,a,1,0,1,0,0,0,0,0,5000,5000,0
113,a,b,W,65240,1008,73,39,a,4,3,1,0,0,0,0,0,2500,1000,0
114,a,b,W,49070,587,28,-20,a,2,1,1,0,0,0,0,0,2400,2000,0
115,a,b,W,122820,1191,-39,-40,a,1,0,1,0,0,0,0,0,3000,3000,0
116,a,b,W,132520,1174,-31,-39,a,1,1,0,0,0,0,0,0,200,200,0
117,a,b,N,25710,258,-74,-74,a,1,0,1,0,0,0,0,0,7000,7000,0
118,a,a,N,17700,174,-81,-81,a,1,0,1,0,0,0,0,0,2000,2000,0
119,a,a,N,72300,155,-14,-82,a,1,0,1,0,0,0,0,0,5000,5000,0
120,a,a,N,16960,130,-56,-34,a,1,0,1,0,0,0,0,0,4000,4000,0
121,a,a,W,87700,935,-53,-49,a,2,1,1,0,0,0,0,0,1600,1000,0
122,a,a,W,118860,1122,4,2,a,0,0,0,0,0,0,0,0,0,0,0
123,a,a,W,102710,1159,-11,5,a,1,1,0,0,0,0,0,0,400,400,0
124,a,a,W,95050,860,-16,-22,a,2,0,2,0,0,0,0,0,5000,3000,0
125,a,a,W,182210,1766,63,63,a,6,1,5,0,0,0,0,0,17800,7000,0
126,a,a,W,95020,859,-20,-25,a,1,1,0,0,0,0,0,0,600,600,0
127,a,a,N,29290,235,-20,24,a,1,1,0,0,0,0,0,0,500,500,0
128,a,a,N,11440,121,-68,-37,a,0,0,0,0,0,0,0,0,0,0,0
129,a,a,N,26800,94,-18,-49,a,1,0,1,0,0,0,0,0,3000,3000,0
130,a,a,N,43650,334,38,90,a,0,0,0,0,0,0,0,0,0,0,0
131,a,a,W,154830,1252,33,11,a,2,2,0,0,0,0,0,0,1100,700,0
132,a,b,W,121720,1170,1,2,a,1,0,1,0,0,0,0,0,5000,5000,0
133,a,b,W,111950,997,-8,-13,a,4,3,1,0,0,0,0,0,4400,3000,0
134,a,b,W,190960,1651,58,45,a,2,0,2,0,0,0,0,0,11000,9000,0
135,a,b,W,95620,996,-26,-17,a,0,0,0,0,0,0,0,0,0,0,0
136,a,b,W,133430,1074,5,-9,a,6,2,4,0,0,0,0,0,16700,8000,0
137,a,b,W,253510,2069,98,76,a,4,2,2,0,0,0,0,0,7100,4000,0
138,a,b,W,121870,935,-15,-26,a,2,2,0,0,0,0,0,0,900,500,0
139,a,b,W,148160,1282,1,0,a,2,2,0,0,0,0,0,0,1300,900,0
140,a,b,W,156780,1301,10,6,a,4,3,1,0,0,0,0,0,4700,3000,0
141,a,b,N,23000,157,-28,-17,a,1,0,1,0,0,0,0,0,2000,2000,0
142,b,a,W,163510,1534,13,23,a,2,0,1,1,0,0,0,0,72000,70000,0
143,b,b,W,92760,967,-42,-31,b,5,3,1,1,0,0,0,0,65800,60000,0
144,b,b,W,105810,958,-27,-26,a,3,1,2,0,0,0,0,0,14900,8000,0
145,b,b,W,128260,1235,-10,-5,a,1,0,1,0,0,0,0,0,1000,1000,0
146,b,a,W,186280,1921,39,51,a,3,1,1,1,0,0,0,0,72500,70000,0
147,b,a,W,195950,1913,38,40,a,4,3,1,0,0,0,0,0,2700,1000,0
148,b,a,W,117120,1095,-22,-24,a,3,2,1,0,0,0,0,0,5700,4000,0
149,a,b,W,273200,2387,89,71,a,2,1,1,0,0,0,0,0,3400,3000,0
150,a,b,W,121400,1063,-23,-29,a,2,0,2,0,0,0,0,0,8000,6000,0
151,a,b,W,200350,1668,43,24,a,0,0,0,0,0,0,0,0,0,0,0
152,a,a,W,130940,1397,-14,-2,a,1,0,1,0,0,0,0,0,2000,2000,0
153,a,a,N,38450,343,26,85,a,1,0,1,0,0,0,0,0,1000,1000,0
154,b,a,N,12380,126,-56,-35,a,1,0,0,1,0,0,0,0,70000,70000,0
155,b,a,N,12150,118,-52,-36,a,1,0,1,0,0,0,0,0,3000,3000,0
156,b,a,W,265250,2852,64,84,a,2,0,1,1,0,0,0,0,23000,20000,0
157,b,a,W,162190,1702,-7,0,a,0,0,0,0,0,0,0,0,0,0,0
158,b,a,W,229070,2597,30,51,a,2,0,0,2,0,0,0,0,100000,80000,0
159,b,a,W,132470,1552,-28,-16,a,5,2,2,1,0,0,0,0,54800,50000,0
160,b,a,W,151210,1727,-18,-12,a,4,1,2,1,0,0,0,0,31800,20000,0
161,b,a,W,118120,1716,-33,-14,a,1,0,0,1,0,0,0,0,20000,20000,0
162,b,a,W,185910,2451,8,24,a,8,4,4,0,0,0,0,0,11300,4000,0
163,b,a,W,197590,2804,20,44,a,8,8,0,0,0,0,0,0,4700,800,0
164,a,a,N,26780,345,18,94,a,0,0,0,0,0,0,0,0,0,0,0
165,a,a,N,9670,186,-59,-7,a,0,0,0,0,0,0,0,0,0,0,0
166,a,a,N,9980,170,-54,-13,a,1,0,1,0,0,0,0,0,1000,1000,0
167,a,a,N,8760,133,-59,-33,a,1,1,0,0,0,0,0,0,600,600,0
168,a,a,N,7370,110,-63,-46,a,0,0,0,0,0,0,0,0,0,0,0
169,a,a,N,4580,91,-72,-50,a,1,0,1,0,0,0,0,0,1000,1000,0
170,a,a,N,4610,78,-68,-55,a,0,0,0,0,0,0,0,0,0,0,0
171,b,a,W,68920,1004,-59,-51,a,3,0,2,1,0,0,0,0,66000,60000,0
172,b,a,W,134870,2096,-17,4,a,4,2,2,0,0,0,0,0,5100,3000,0
173,b,a,W,71650,1173,-53,-40,a,1,0,1,0,0,0,0,0,7000,7000,0
174,a,a,W,159910,2345,12,23,a,3,1,2,0,0,0,0,0,4400,3000,0
175,a,a,W,172530,2873,18,44,a,3,2,1,0,0,0,0,0,2300,1000,0
176,a,a,W,93120,1238,-32,-38,a,1,0,1,0,0,0,0,0,2000,2000,0
177,a,a,W,27830,190,-79,-90,a,4,0,4,0,0,0,0,0,19000,8000,0
178,a,a,W,44320,269,-64,-85,a,2,0,2,0,0,0,0,0,3000,2000,0
179,a,a,W,26830,192,-77,-88,a,1,1,0,0,0,0,0,0,600,600,0
180,a,a,W,29240,217,-71,-85,a,2,0,2,0,0,0,0,0,8000,5000,0
181,a,a,W,47740,276,-42,-76,a,4,1,3,0,0,0,0,0,7800,3000,0
182,a,a,W,36520,209,-55,-81,a,3,2,1,0,0,0,0,0,9800,9000,0
183,a,a,W,28360,181,-60,-80,a,2,1,1,0,0,0,0,0,3800,3000,0
184,a,a,W,29990,203,-55,-75,a,3,1,2,0,0,0,0,0,9400,6000,0
185,a,a,W,21060,106,-61,-82,a,0,0,0,0,0,0,0,0,0,0,0
186,a,a,W,18240,87,-53,-72,a,2,1,1,0,0,0,0,0,2500,2000,0
187,a,a,W,33660,248,9,28,a,4,2,2,0,0,0,0,0,11100,8000,0
188,a,a,W,21670,132,-31,-34,a,3,2,1,0,0,0,0,0,3400,2000,0
189,a,a,N,5990,53,-42,-64,a,0,0,0,0,0,0,0,0,0,0,0
190,a,a,N,6430,30,-33,-79,a,1,1,0,0,0,0,0,0,300,300,0
191,a,a,N,3020,19,-66,-85,a,1,0,1,0,0,0,0,0,2000,2000,0
192,a,a,W,23400,140,-20,-24,a,3,3,0,0,0,0,0,0,2000,800,0
193,a,a,W,45990,349,59,94,a,3,2,1,0,0,0,0,0,4200,3000,0
194,a,a,W,19570,153,-36,-21,a,1,1,0,0,0,0,0,0,700,700,0
195,a,a,W,32550,167,17,-8,a,9,5,4,0,0,0,0,0,13200,6000,0
196,a,b,W,53860,346,96,96,a,5,1,4,0,0,0,0,0,13700,9000,0
197,a,b,W,37810,238,26,23,a,6,5,1,0,0,0,0,0,5400,2000,0
198,a,b,W,10130,133,-67,-32,a,1,0,1,0,0,0,0,0,2000,2000,0
199,a,b,W,57860,383,95,92,a,2,1,1,0,0,0,0,0,4700,4000,0
200,a,b,W,42470,326,26,42,a,2,2,0,0,0,0,0,0,1200,700,0
201,a,b,W,42840,248,24,5,a,3,0,3,0,0,0,0,0,4000,2000,0
202,a,b,N,13060,81,96,-18,a,0,0,0,0,0,0,0,0,0,0,0
203,a,b,W,15930,177,-57,-29,a,2,1,1,0,0,0,0,0,2600,2000,0
204,a,b,W,60340,495,68,96,a,5,3,2,0,0,0,0,0,12500,8000,0
205,a,b,W,39690,416,6,56,a,2,1,1,0,0,0,0,0,1700,1000,0
206,a,b,W,32930,271,-16,-7,a,1,0,1,0,0,0,0,0,3000,3000,0
207,a,a,W,18210,150,-54,-51,a,3,1,2,0,0,0,0,0,7700,5000,0
208,a,a,W,24790,236,-31,-17,a,1,1,0,0,0,0,0,0,600,600,0
209,a,a,W,43490,352,26,24,a,0,0,0,0,0,0,0,0,0,0,0
210,a,a,N,10850,131,55,49,a,0,0,0,0,0,0,0,0,0,0,0
211,a,a,N,3770,50,-47,-40,a,0,0,0,0,0,0,0,0,0,0,0
212,a,a,N,3650,41,-44,-46,a,1,0,1,0,0,0,0,0,4000,4000,0
213,a,a,W,8380,47,-78,-85,a,1,0,1,0,0,0,0,0,6000,6000,0
214,a,b,W,61110,439,86,62,a,4,4,0,0,0,0,0,0,1600,600,0
215,a,b,W,39880,342,15,21,a,3,1,2,0,0,0,0,0,2800,1000,0
216,a,b,W,19170,158,-44,-46,a,2,1,1,0,0,0,0,0,4500,4000,0
217,a,a,W,17750,151,-49,-48,a,1,1,0,0,0,0,0,0,400,400,0
218,a,a,W,41740,331,37,29,a,2,2,0,0,0,0,0,0,1100,700,0
219,a,a,W,35800,341,16,38,a,0,0,0,0,0,0,0,0,0,0,0
220,a,b,W,48820,446,57,75,b,5,4,1,0,0,0,0,0,3900,2000,0
221,a,b,W,29470,347,-14,22,b,0,0,0,0,0,0,0,0,0,0,0
222,a,b,W,23050,202,-33,-32,b,4,2,2,0,0,0,0,0,5100,3000,0
223,a,b,W,37820,347,16,24,a,3,2,1,0,0,0,0,0,4000,3000,0
224,a,b,W,33800,316,-5,2,a,2,1,1,0,0,0,0,0,3400,3000,0
225,a,a,W,13830,145,-58,-51,a,3,2,1,0,0,0,0,0,3900,3000,0
226,a,a,W,46170,404,53,45,a,1,1,0,0,0,0,0,0,700,700,0
227,a,a,W,35510,313,8,3,a,1,1,0,0,0,0,0,0,500,500,0
228,a,a,W,31040,322,-10,1,a,5,2,3,0,0,0,0,0,9000,4000,0
229,a,a,W,47690,518,42,63,a,6,4,2,0,0,0,0,0,7400,3000,0
230,a,a,W,28130,347,-19,3,a,3,2,1,0,0,0,0,0,3100,2000,0
231,a,a,N,4760,94,-23,37,a,0,0,0,0,0,0,0,0,0,0,0
232,a,a,N,3860,77,-38,12,a,0,0,0,0,0,0,0,0,0,0,0
233,a,a,N,2210,34,-64,-51,a,2,1,1,0,0,0,0,0,3400,3000,0
234,a,a,W,12610,157,-61,-52,a,1,0,1,0,0,0,0,0,2000,2000,0
235,a,a,W,39390,460,27,50,a,6,5,1,0,0,0,0,0,4800,2000,0
236,a,a,W,19630,295,-40,-11,a,3,2,1,0,0,0,0,0,8300,7000,0
237,a,a,W,26130,260,-15,-21,a,6,3,3,0,0,0,0,0,7700,3000,0
238,a,a,W,19420,279,-35,-13,a,4,3,1,0,0,0,0,0,2800,1000,0
239,b,b,W,26290,104,-6,-67,a,5,2,2,1,0,0,0,0,25300,20000,0
240,b,b,W,18580,121,-31,-59,a,2,2,0,0,0,0,0,0,1200,800,0
241,b,b,W,9130,68,-64,-75,a,3,2,1,0,0,0,0,0,2000,1000,0
242,a,b,N,6340,18,10,-70,a,2,1,1,0,0,0,0,0,9300,9000,0
243,a,b,N,1200,15,-79,-74,a,0,0,0,0,0,0,0,0,0,0,0
244,a,b,N,1020,10,-81,-82,a,0,0,0,0,0,0,0,0,0,0,0
245,a,a,N,2360,16,-54,-71,a,0,0,0,0,0,0,0,0,0,0,0
246,a,a,N,1070,17,-73,-65,a,0,0,0,0,0,0,0,0,0,0,0
247,a,a,N,500,7,-83,-82,a,0,0,0,0,0,0,0,0,0,0,0
248,a,a,N,340,6,-87,-85,a,0,0,0,0,0,0,0,0,0,0,0
249,a,a,N,100,4,-96,-90,a,0,0,0,0,0,0,0,0,0,0,0
250,a,a,N,720,2,-62,-95,a,0,0,0,0,0,0,0,0,0,0,0
251,a,a,N,950,4,-40,-90,a,0,0,0,0,0,0,0,0,0,0,0
252,a,a,N,430,3,-71,-92,a,0,0,0,0,0,0,0,0,0,0,0
253,a,a,N,290,3,-67,-92,a,1,0,1,0,0,0,0,0,3000,3000,0
254,a,a,N,3330,37,-42,-39,a,2,2,0,0,0,0,0,0,1200,900,0
255,a,a,W,11740,46,-90,-96,a,1,0,1,0,0,0,0,0,4000,4000,0
256,a,a,N,850,6,-85,-90,a,0,0,0,0,0,0,0,0,0,0,0
257,a,a,W,5240,18,-96,-96,a,1,1,0,0,0,0,0,0,600,600,0
258,a,a,W,17910,86,-85,-79,a,4,0,4,0,0,0,0,0,12000,6000,0
259,a,a,W,145440,358,-3,-28,a,0,0,0,0,0,0,0,0,0,0,0
260,a,b,N,67480,141,-10,-44,a,3,2,1,0,0,0,0,0,2800,2000,0
261,a,b,W,239660,501,60,3,a,1,0,1,0,0,0,0,0,8000,8000,0
262,a,b,W,229690,485,45,0,a,4,3,1,0,0,0,0,0,2500,1000,0
263,a,b,N,49410,74,-33,-69,a,2,0,2,0,0,0,0,0,6000,3000,0
264,a,b,W,197620,406,19,-16,a,0,0,0,0,0,0,0,0,0,0,0
265,a,b,N,68200,137,-5,-38,a,0,0,0,0,0,0,0,0,0,0,0
266,a,b,N,53380,108,-13,-8,a,3,2,1,0,0,0,0,0,1700,1000,0
267,a,b,W,179710,274,5,-42,a,4,3,1,0,0,0,0,0,3000,2000,0
268,a,b,N,29650,93,-51,-20,a,0,0,0,0,0,0,0,0,0,0,0
269,a,b,W,111510,169,-36,-63,a,2,0,2,0,0,0,0,0,5000,3000,0
270,a,a,N,28020,51,12,-14,a,0,0,0,0,0,0,0,0,0,0,0
271,a,b,N,44790,57,74,-3,a,0,0,0,0,0,0,0,0,0,0,0
272,a,b,W,68130,162,-9,-9,a,2,2,0,0,0,0,0,0,1000,600,0
273,a,b,W,107250,168,43,-8,a,0,0,0,0,0,0,0,0,0,0,0
274,a,b,N,72460,150,166,180,b,1,0,1,0,0,0,0,0,1000,1000,0
275,a,b,N,58410,113,84,88,a,0,0,0,0,0,0,0,0,0,0,0
276,b,b,N,48590,134,28,84,b,1,0,0,1,0,0,0,0,20000,20000,0
277,b,b,N,19370,63,-49,-20,b,0,0,0,0,0,0,0,0,0,0,0
278,b,b,N,14770,48,-60,-41,b,0,0,0,0,0,0,0,0,0,0,0
279,a,b,N,15050,52,-61,-38,a,0,0,0,0,0,0,0,0,0,0,0
280,a,b,N,18800,67,-51,-23,a,0,0,0,0,0,0,0,0,0,0,0
281,a,a,N,29500,92,-21,6,a,1,1,0,0,0,0,0,0,300,300,0
282,a,a,N,12950,41,-65,-55,a,0,0,0,0,0,0,0,0,0,0,0
283,a,a,N,20730,48,-39,-46,a,1,1,0,0,0,0,0,0,400,400,0
284,a,a,N,41340,89,42,12,a,0,0,0,0,0,0,0,0,0,0,0
285,a,a,N,18410,30,-33,-61,a,0,0,0,0,0,0,0,0,0,0,0
286,a,a,N,9490,26,-60,-61,a,0,0,0,0,0,0,0,0,0,0,0
287,a,a,N,6370,34,-68,-39,a,0,0,0,0,0,0,0,0,0,0,0
288,a,a,N,9430,44,-50,-17,a,0,0,0,0,0,0,0,0,0,0,0
289,a,a,N,30130,82,65,57,a,3,3,0,0,0,0,0,0,500,200,0
290,a,a,N,12880,62,-35,12,a,0,0,0,0,0,0,0,0,0,0,0
291,a,a,W,17220,529,-50,-41,a,0,0,0,0,0,0,0,0,0,0,0
292,a,a,W,25010,524,-27,-41,a,0,0,0,0,0,0,0,0,0,0,0
293,a,a,W,17540,252,-23,-48,a,0,0,0,0,0,0,0,0,0,0,0
294,a,a,W,15170,414,-56,-54,a,0,0,0,0,0,0,0,0,0,0,0
295,a,a,W,103380,2701,193,187,a,1,0,0,0,1,0,0,0,200000,200000,0
296,a,a,W,38230,835,61,63,a,0,0,0,0,0,0,0,0,0,0,0
297,a,a,W,43380,693,83,36,a,0,0,0,0,0,0,0,0,0,0,0
298,a,a,W,26450,529,12,3,a,0,0,0,0,0,0,0,0,0,0,0
299,a,a,W,27450,512,16,0,a,1,1,0,0,0,0,0,0,300,300,0
300,a,a,W,25750,494,9,-3,a,0,0,0,0,0,0,0,0,0,0,0
301,a,a,W,23310,242,-2,-53,a,1,1,0,0,0,0,0,0,700,700,0
302,b,a,W,26170,388,23,-19,a,0,0,0,0,0,0,0,0,0,0,0
303,b,a,W,42450,429,99,-10,a,0,0,0,0,0,0,0,0,0,0,0
304,b,a,W,63560,317,198,-33,a,0,0,0,0,0,0,0,0,0,0,0
305,b,a,W,58720,513,175,8,a,0,0,0,0,0,0,0,0,0,0,0
306,b,a,W,31010,512,45,7,a,0,0,0,0,0,0,0,0,0,0,0
307,b,a,W,31450,286,47,-40,a,0,0,0,0,0,0,0,0,0,0,0
308,b,a,W,31310,504,47,6,a,0,0,0,0,0,0,0,0,0,0,0
309,b,a,W,27020,294,334,-5,b,0,0,0,0,0,0,0,0,0,0,0
310,a,a,N,10160,278,-5,15,a,0,0,0,0,0,0,0,0,0,0,0
311,a,a,N,18820,299,75,24,a,1,0,1,0,0,0,0,0,4000,4000,0
312,a,a,N,13780,289,28,20,a,0,0,0,0,0,0,0,0,0,0,0
313,a,a,W,14080,172,-38,-65,a,0,0,0,0,0,0,0,0,0,0,0
314,a,a,W,11690,235,-48,-52,a,0,0,0,0,0,0,0,0,0,0,0
315,a,a,W,33500,231,48,-53,a,0,0,0,0,0,0,0,0,0,0,0
316,a,a,W,58190,419,158,-14,a,0,0,0,0,0,0,0,0,0,0,0
317,a,a,W,31390,362,39,-26,a,0,0,0,0,0,0,0,0,0,0,0
318,a,b,W,25850,476,1,-6,a,0,0,0,0,0,0,0,0,0,0,0
319,a,b,W,23040,392,-10,-22,a,0,0,0,0,0,0,0,0,0,0,0
320,a,b,W,15300,295,-40,-41,a,0,0,0,0,0,0,0,0,0,0,0
321,a,b,W,14050,228,-45,-55,a,0,0,0,0,0,0,0,0,0,0,0
322,a,b,W,9450,209,-63,-59,a,0,0,0,0,0,0,0,0,0,0,0
323,a,b,W,36250,361,42,-28,a,0,0,0,0,0,0,0,0,0,0,0
324,a,b,W,24570,327,-4,-35,a,0,0,0,0,0,0,0,0,0,0,0
325,a,b,W,26860,319,5,-37,a,0,0,0,0,0,0,0,0,0,0,0
326,a,b,W,16000,313,-38,-36,a,0,0,0,0,0,0,0,0,0,0,0
327,a,b,W,21860,196,-16,-60,a,0,0,0,0,0,0,0,0,0,0,0
328,a,b,W,12900,201,-50,-59,a,0,0,0,0,0,0,0,0,0,0,0
329,a,b,W,27590,314,6,-35,a,0,0,0,0,0,0,0,0,0,0,0
330,a,b,W,15010,368,-42,-24,a,1,1,0,0,0,0,0,0,800,800,0
331,a,b,W,9970,323,-62,-33,a,0,0,0,0,0,0,0,0,0,0,0
332,a,b,W,18970,301,-27,-38,a,1,0,1,0,0,0,0,0,1000,1000,0
333,a,b,W,34750,368,36,-17,a,0,0,0,0,0,0,0,0,0,0,0
334,a,b,W,84880,807,233,82,a,1,1,0,0,0,0,0,0,800,800,0
335,a,b,W,45560,591,79,33,a,0,0,0,0,0,0,0,0,0,0,0
336,a,b,W,36940,439,45,-1,a,0,0,0,0,0,0,0,0,0,0,0
337,a,b,W,28960,444,14,0,a,1,1,0,0,0,0,0,0,300,300,0
338,a,b,W,22260,493,-13,11,a,1,1,0,0,0,0,0,0,900,900,0
339,a,b,W,14370,338,-44,-24,a,1,1,0,0,0,0,0,0,400,400,0
340,a,b,W,16480,401,-35,-10,a,0,0,0,0,0,0,0,0,0,0,0
341,a,b,N,14300,275,33,14,a,0,0,0,0,0,0,0,0,0,0,0
342,a,b,N,12280,290,14,20,a,0,0,0,0,0,0,0,0,0,0,0
343,a,b,N,11140,295,4,22,a,0,0,0,0,0,0,0,0,0,0,0
344,a,b,N,4500,207,-58,-14,a,0,0,0,0,0,0,0,0,0,0,0
345,a,b,N,7400,206,-31,-15,a,0,0,0,0,0,0,0,0,0,0,0
346,a,b,N,9380,234,-13,-3,a,0,0,0,0,0,0,0,0,0,0,0
347,a,b,N,11550,204,8,-16,a,1,1,0,0,0,0,0,0,600,600,0
348,a,b,N,8780,226,-10,-1,a,0,0,0,0,0,0,0,0,0,0,0
349,a,b,W,16980,451,-30,-38,a,0,0,0,0,0,0,0,0,0,0,0
350,a,b,W,21910,695,-10,-4,a,1,1,0,0,0,0,0,0,300,300,0
351,a,b,W,28130,304,15,-28,a,1,0,1,0,0,0,0,0,6000,6000,0
352,a,b,W,28210,618,15,47,a,0,0,0,0,0,0,0,0,0,0,0
353,a,b,W,22130,390,-10,-7,a,2,1,0,1,0,0,0,0,30300,30000,0
354,a,b,N,9860,324,7,46,a,0,0,0,0,0,0,0,0,0,0,0
355,a,b,W,18830,201,-23,-52,a,0,0,0,0,0,0,0,0,0,0,0
356,a,b,W,34360,604,40,44,a,0,0,0,0,0,0,0,0,0,0,0
357,a,b,N,15640,517,67,72,a,0,0,0,0,0,0,0,0,0,0,0
358,b,b,N,19760,445,114,101,a,0,0,0,0,0,0,0,0,0,0,0
359,b,b,N,11660,330,26,49,a,0,0,0,0,0,0,0,0,0,0,0
360,b,b,W,17390,278,-31,-32,a,1,1,0,0,0,0,0,0,600,600,0
361,b,b,W,41300,336,64,-17,a,1,0,1,0,0,0,0,0,4000,4000,0
362,b,b,W,26880,317,6,-22,a,0,0,0,0,0,0,0,0,0,0,0
363,b,b,W,30820,389,22,-4,a,0,0,0,0,0,0,0,0,0,0,0
364,b,b,W,20610,274,-18,-33,a,0,0,0,0,0,0,0,0,0,0,0
365,b,b,W,47470,466,88,14,a,0,0,0,0,0,0,0,0,0,0,0
366,b,a,W,87260,2457,275,258,a,1,0,0,1,0,0,0,0,80000,80000,0
367,b,a,W,30060,1135,29,66,a,0,0,0,0,0,0,0,0,0,0,0
368,b,a,N,23670,721,153,140,a,1,1,0,0,0,0,0,0,300,300,0
369,b,a,N,15600,548,67,83,a,0,0,0,0,0,0,0,0,0,0,0
370,b,a,W,13520,528,-42,-23,a,0,0,0,0,0,0,0,0,0,0,0
371,b,a,W,16590,324,61,17,a,1,1,0,0,0,0,0,0,300,300,0
372,b,a,W,10000,208,-62,-49,a,1,1,0,0,0,0,0,0,500,500,0
373,b,a,W,19140,545,-10,-12,a,0,0,0,0,0,0,0,0,0,0,0
374,b,a,W,34020,858,60,38,a,0,0,0,0,0,0,0,0,0,0,0
375,b,a,W,25400,810,19,31,a,0,0,0,0,0,0,0,0,0,0,0
376,b,a,W,19910,373,-24,-2,a,1,0,1,0,0,0,0,0,5000,5000,0
377,b,a,W,15770,549,-26,-12,a,0,0,0,0,0,0,0,0,0,0,0
378,b,a,W,19860,300,-24,-21,a,0,0,0,0,0,0,0,0,0,0,0
379,b,a,W,35130,859,65,38,a,0,0,0,0,0,0,0,0,0,0,0
380,b,a,W,26630,785,25,27,a,0,0,0,0,0,0,0,0,0,0,0
381,b,a,N,15280,521,63,74,a,0,0,0,0,0,0,0,0,0,0,0
382,b,a,N,10820,524,16,75,a,0,0,0,0,0,0,0,0,0,0,0
383,b,a,N,7170,278,-23,-7,a,0,0,0,0,0,0,0,0,0,0,0
384,b,a,W,14930,244,-46,-42,a,0,0,0,0,0,0,0,0,0,0,0
385,b,a,W,20670,376,-25,-10,a,0,0,0,0,0,0,0,0,0,0,0
386,b,a,W,17360,380,-37,-9,a,0,0,0,0,0,0,0,0,0,0,0
387,b,a,W,12840,350,157,40,a,0,0,0,0,0,0,0,0,0,0,0
388,b,a,W,28010,693,23,3,a,0,0,0,0,0,0,0,0,0,0,0
389,b,a,N,17620,557,91,151,a,1,1,0,0,0,0,0,0,300,300,0
390,b,a,W,12950,428,-38,-31,a,0,0,0,0,0,0,0,0,0,0,0
391,b,a,W,17320,586,-17,-6,a,0,0,0,0,0,0,0,0,0,0,0
392,b,a,W,28610,330,12,-15,a,2,1,1,0,0,0,0,0,6900,6000,0
393,b,a,W,16170,414,-37,6,a,0,0,0,0,0,0,0,0,0,0,0
394,b,a,W,15600,274,-39,-30,a,0,0,0,0,0,0,0,0,0,0,0
395,b,a,W,52360,1004,150,61,a,0,0,0,0,0,0,0,0,0,0,0
396,b,a,W,44960,1172,115,88,a,1,1,0,0,0,0,0,0,200,200,0
397,a,a,W,18580,753,-7,25,a,0,0,0,0,0,0,0,0,0,0,0
398,a,a,N,12240,452,33,104,a,0,0,0,0,0,0,0,0,0,0,0
399,a,a,W,16840,318,-28,-17,a,0,0,0,0,0,0,0,0,0,0,0
400,a,a,W,15820,382,-32,0,a,0,0,0,0,0,0,0,0,0,0,0
401,a,a,W,17690,284,-24,-26,a,1,1,0,0,0,0,0,0,300,300,0
402,a,a,W,15380,251,-34,-34,a,0,0,0,0,0,0,0,0,0,0,0
403,a,a,N,9540,339,3,53,a,0,0,0,0,0,0,0,0,0,0,0
404,a,a,N,2940,65,-20,-40,a,0,0,0,0,0,0,0,0,0,0,0
405,a,a,N,2960,91,-19,-16,a,0,0,0,0,0,0,0,0,0,0,0
406,a,a,N,3990,231,66,98,a,0,0,0,0,0,0,0,0,0,0,0
407,a,a,N,2840,115,18,-1,a,0,0,0,0,0,0,0,0,0,0,0
408,a,a,N,5900,63,-30,-71,a,1,0,1,0,0,0,0,0,2000,2000,0
409,a,a,N,6980,37,-10,-81,a,1,1,0,0,0,0,0,0,300,300,0
410,a,a,N,3540,186,62,74,a,0,0,0,0,0,0,0,0,0,0,0
411,a,a,W,10360,131,76,-49,a,0,0,0,0,0,0,0,0,0,0,0
412,a,b,N,4890,162,97,88,a,0,0,0,0,0,0,0,0,0,0,0
413,a,b,N,10320,172,4,-51,a,0,0,0,0,0,0,0,0,0,0,0
414,a,b,N,22610,242,193,30,a,0,0,0,0,0,0,0,0,0,0,0
415,a,b,N,2410,109,-76,-69,a,0,0,0,0,0,0,0,0,0,0,0
416,a,b,N,8690,92,-12,-74,a,1,0,1,0,0,0,0,0,4000,4000,0
417,a,b,N,4530,98,-54,-72,a,0,0,0,0,0,0,0,0,0,0,0
418,a,b,N,4040,92,-57,-72,a,0,0,0,0,0,0,0,0,0,0,0
419,a,b,N,6920,100,-26,-69,a,0,0,0,0,0,0,0,0,0,0,0
420,a,b,N,4230,126,-55,-61,a,0,0,0,0,0,0,0,0,0,0,0
421,a,b,W,22820,311,-25,-51,a,0,0,0,0,0,0,0,0,0,0,0
422,a,b,W,20760,326,-32,-49,a,0,0,0,0,0,0,0,0,0,0,0
423,a,b,W,27150,441,-11,-31,a,0,0,0,0,0,0,0,0,0,0,0
424,a,b,W,66520,685,118,7,a,0,0,0,0,0,0,0,0,0,0,0
425,a,b,W,24360,444,-20,-31,a,0,0,0,0,0,0,0,0,0,0,0
426,a,a,W,18160,378,-43,-41,a,0,0,0,0,0,0,0,0,0,0,0
427,a,a,W,17860,321,-44,-50,a,1,1,0,0,0,0,0,0,400,400,0
428,a,a,W,75050,675,134,5,a,3,0,3,0,0,0,0,0,13000,8000,0
429,a,a,W,80100,867,150,35,a,2,1,1,0,0,0,0,0,1500,1000,0
430,a,a,W,27740,423,-13,-34,a,0,0,0,0,0,0,0,0,0,0,0
431,a,a,W,32430,527,1,-18,a,0,0,0,0,0,0,0,0,0,0,0
432,a,a,W,30750,508,-4,-21,a,0,0,0,0,0,0,0,0,0,0,0
433,a,a,W,64920,690,103,7,a,1,0,1,0,0,0,0,0,1000,1000,0
434,a,a,W,36930,534,14,-13,a,0,0,0,0,0,0,0,0,0,0,0
435,a,a,N,18890,386,102,19,a,1,1,0,0,0,0,0,0,400,400,0
436,a,a,W,46400,652,43,7,a,0,0,0,0,0,0,0,0,0,0,0
437,a,a,W,96760,1125,197,84,a,0,0,0,0,0,0,0,0,0,0,0
438,a,a,W,40350,645,24,5,a,0,0,0,0,0,0,0,0,0,0,0
439,a,a,W,90240,1080,177,77,a,0,0,0,0,0,0,0,0,0,0,0
440,a,a,W,104340,1269,221,108,a,0,0,0,0,0,0,0,0,0,0,0
441,a,a,W,32620,718,0,17,a,0,0,0,0,0,0,0,0,0,0,0
442,a,a,N,22480,508,227,195,a,0,0,0,0,0,0,0,0,0,0,0
443,a,a,N,28710,454,207,40,a,1,0,1,0,0,0,0,0,4000,4000,0
444,a,a,N,29310,445,214,38,a,0,0,0,0,0,0,0,0,0,0,0
445,a,a,W,19910,568,-42,-3,a,0,0,0,0,0,0,0,0,0,0,0
446,a,a,W,12250,342,-64,-41,a,0,0,0,0,0,0,0,0,0,0,0
447,a,a,W,15080,306,-56,-48,a,0,0,0,0,0,0,0,0,0,0,0
448,a,a,W,17180,310,-50,-47,a,0,0,0,0,0,0,0,0,0,0,0
449,a,a,W,36680,513,47,3,a,0,0,0,0,0,0,0,0,0,0,0
450,a,a,N,14170,381,52,18,a,0,0,0,0,0,0,0,0,0,0,0
451,a,a,N,18790,322,101,0,a,0,0,0,0,0,0,0,0,0,0,0
452,a,a,W,14580,321,-60,-47,a,0,0,0,0,0,0,0,0,0,0,0
453,a,a,W,22530,328,-39,-46,a,1,1,0,0,0,0,0,0,400,400,0
454,a,a,W,18440,403,-50,-34,a,0,0,0,0,0,0,0,0,0,0,0
455,a,a,W,64990,802,77,32,a,1,0,1,0,0,0,0,0,4000,4000,0
456,a,a,W,36860,681,0,12,a,1,0,1,0,0,0,0,0,3000,3000,0
457,a,a,W,18130,463,-51,-24,a,0,0,0,0,0,0,0,0,0,0,0
458,a,a,N,14610,373,56,15,a,0,0,0,0,0,0,0,0,0,0,0
459,a,a,N,10040,300,7,-7,a,0,0,0,0,0,0,0,0,0,0,0
460,a,a,W,11410,250,-67,-57,a,0,0,0,0,0,0,0,0,0,0,0
461,a,a,N,14020,251,50,-22,a,0,0,0,0,0,0,0,0,0,0,0
462,a,a,N,12170,226,30,-30,a,0,0,0,0,0,0,0,0,0,0,0
463,a,a,N,10040,216,7,-33,a,0,0,0,0,0,0,0,0,0,0,0
464,a,a,W,9710,248,-72,-57,a,0,0,0,0,0,0,0,0,0,0,0
465,a,a,W,55230,904,57,56,a,0,0,0,0,0,0,0,0,0,0,0
466,a,a,W,19580,439,-44,-24,a,0,0,0,0,0,0,0,0,0,0,0
467,a,a,N,15640,326,67,1,a,1,1,0,0,0,0,0,0,200,200,0
468,a,a,N,13610,262,46,-19,a,0,0,0,0,0,0,0,0,0,0,0
469,a,a,N,9280,294,35,71,a,0,0,0,0,0,0,0,0,0,0,0
470,a,a,N,9000,241,31,40,a,0,0,0,0,0,0,0,0,0,0,0
471,a,a,N,23440,514,151,59,a,1,0,1,0,0,0,0,0,8000,8000,0
472,a,a,N,6660,274,-29,-15,a,0,0,0,0,0,0,0,0,0,0,0
473,a,a,N,5480,236,-20,37,a,0,0,0,0,0,0,0,0,0,0,0
474,a,a,N,8030,224,31,42,a,0,0,0,0,0,0,0,0,0,0,0
475,a,a,N,4170,181,-49,-34,a,0,0,0,0,0,0,0,0,0,0,0
476,a,a,N,7160,182,-13,-34,a,0,0,0,0,0,0,0,0,0,0,0
477,a,a,N,13640,210,123,33,a,0,0,0,0,0,0,0,0,0,0,0
478,a,a,N,4310,172,-30,9,a,0,0,0,0,0,0,0,0,0,0,0
479,a,a,N,3250,127,-47,-20,a,0,0,0,0,0,0,0,0,0,0,0
480,a,a,N,3520,107,-42,-32,a,0,0,0,0,0,0,0,0,0,0,0
481,a,a,N,2270,78,-82,-69,a,0,0,0,0,0,0,0,0,0,0,0
482,a,a,N,6130,111,-28,-59,a,0,0,0,0,0,0,0,0,0,0,0
483,a,a,N,3470,84,-59,-69,a,0,0,0,0,0,0,0,0,0,0,0
484,a,a,N,9680,139,14,-48,a,1,1,0,0,0,0,0,0,700,700,0
485,a,a,N,8680,188,31,7,a,0,0,0,0,0,0,0,0,0,0,0
486,a,a,N,2440,104,-71,-61,a,0,0,0,0,0,0,0,0,0,0,0
487,a,a,N,1350,112,-80,-36,a,0,0,0,0,0,0,0,0,0,0,0
488,a,a,N,5440,126,-18,-28,a,1,1,0,0,0,0,0,0,300,300,0
489,a,a,N,9990,118,17,-56,a,1,0,1,0,0,0,0,0,1000,1000,0
490,a,a,N,2960,108,-76,-57,a,0,0,0,0,0,0,0,0,0,0,0
491,a,a,N,7020,98,-44,-61,a,0,0,0,0,0,0,0,0,0,0,0
492,a,a,N,6130,129,-27,-50,a,0,0,0,0,0,0,0,0,0,0,0
493,a,a,W,7320,177,-71,-65,a,0,0,0,0,0,0,0,0,0,0,0
494,a,a,W,5710,195,-77,-61,a,0,0,0,0,0,0,0,0,0,0,0
495,a,a,W,7430,196,-70,-61,a,0,0,0,0,0,0,0,0,0,0,0
496,a,a,W,22220,415,-5,-11,a,1,0,1,0,0,0,0,0,7000,7000,0
497,a,a,W,26400,510,13,9,a,0,0,0,0,0,0,0,0,0,0,0
498,a,a,W,11610,315,-21,3,a,0,0,0,0,0,0,0,0,0,0,0
499,a,a,W,14580,308,-42,-38,a,0,0,0,0,0,0,0,0,0,0,0
500,a,a,W,28380,628,14,26,a,1,0,0,1,0,0,0,0,20000,20000,0
501,a,a,W,42140,525,187,72,a,1,0,1,0,0,0,0,0,5000,5000,0
502,a,a,W,20350,439,39,44,a,0,0,0,0,0,0,0,0,0,0,0
503,a,a,W,31810,514,27,3,a,1,1,0,0,0,0,0,0,100,100,0
504,a,a,W,44190,696,201,129,a,1,0,1,0,0,0,0,0,2000,2000,0
505,b,a,W,28290,527,100,79,a,0,0,0,0,0,0,0,0,0,0,0
506,b,a,W,25090,383,78,30,a,0,0,0,0,0,0,0,0,0,0,0
507,b,a,W,16750,398,19,35,a,0,0,0,0,0,0,0,0,0,0,0
508,b,a,W,21650,348,53,18,a,0,0,0,0,0,0,0,0,0,0,0
509,b,a,W,60930,866,101,72,a,1,0,0,1,0,0,0,0,10000,10000,0
510,b,a,W,19660,644,-16,36,a,0,0,0,0,0,0,0,0,0,0,0
511,b,a,W,21000,466,-10,-1,a,0,0,0,0,0,0,0,0,0,0,0
512,b,a,W,13600,368,-11,20,a,1,1,0,0,0,0,0,0,800,800,0
513,b,a,W,18780,337,-35,-32,a,2,1,1,0,0,0,0,0,9900,9000,0
514,b,a,W,19920,400,-15,-15,a,0,0,0,0,0,0,0,0,0,0,0
515,b,a,W,20050,295,-14,-37,a,0,0,0,0,0,0,0,0,0,0,0
516,b,a,W,18420,255,-21,-46,a,0,0,0,0,0,0,0,0,0,0,0
517,b,a,W,36100,350,54,-26,a,1,1,0,0,0,0,0,0,100,100,0
518,b,a,W,57010,535,144,14,a,1,1,0,0,0,0,0,0,600,600,0
519,b,a,W,56060,600,140,27,a,0,0,0,0,0,0,0,0,0,0,0
520,b,a,W,31320,407,35,-13,a,1,0,1,0,0,0,0,0,2000,2000,0
521,b,a,W,26330,386,13,-18,a,0,0,0,0,0,0,0,0,0,0,0
522,b,a,W,19640,302,-16,-36,a,0,0,0,0,0,0,0,0,0,0,0
523,b,a,W,41260,529,77,13,a,0,0,0,0,0,0,0,0,0,0,0
524,b,a,W,60320,632,159,35,a,1,0,1,0,0,0,0,0,3000,3000,0
525,b,a,W,47840,594,106,27,a,0,0,0,0,0,0,0,0,0,0,0
526,b,a,W,18690,401,-20,-15,a,1,1,0,0,0,0,0,0,700,700,0
527,b,a,W,35830,407,54,-13,a,0,0,0,0,0,0,0,0,0,0,0
528,a,a,W,30650,424,29,-8,a,1,0,1,0,0,0,0,0,4000,4000,0
529,a,a,W,38400,555,62,21,a,2,0,2,0,0,0,0,0,12000,8000,0
530,b,a,N,8560,210,-18,2,a,0,0,0,0,0,0,0,0,0,0,0
531,b,a,N,8470,203,-17,8,a,0,0,0,0,0,0,0,0,0,0,0
532,b,a,N,7220,218,-29,16,a,0,0,0,0,0,0,0,0,0,0,0
533,b,a,N,11700,181,15,-4,a,0,0,0,0,0,0,0,0,0,0,0
534,b,a,N,6970,154,-33,-25,a,0,0,0,0,0,0,0,0,0,0,0
535,b,a,W,6920,158,-41,-32,a,0,0,0,0,0,0,0,0,0,0,0
536,b,a,W,17200,262,47,14,a,0,0,0,0,0,0,0,0,0,0,0
537,b,a,W,42640,576,264,150,a,0,0,0,0,0,0,0,0,0,0,0
538,b,a,W,15130,372,18,51,a,0,0,0,0,0,0,0,0,0,0,0
539,b,a,W,15740,222,4,-27,a,1,0,1,0,0,0,0,0,6000,6000,0
540,b,a,W,12470,227,-2,-8,a,0,0,0,0,0,0,0,0,0,0,0
541,b,a,W,19290,268,28,-12,a,1,0,1,0,0,0,0,0,1000,1000,0
542,b,a,W,24620,362,63,18,a,0,0,0,0,0,0,0,0,0,0,0
543,b,a,W,13460,229,-11,-25,a,0,0,0,0,0,0,0,0,0,0,0
544,b,a,W,14660,229,-3,-25,a,0,0,0,0,0,0,0,0,0,0,0
545,b,a,W,37560,493,149,61,a,1,1,0,0,0,0,0,0,200,200,0
546,b,a,W,27740,443,81,41,a,0,0,0,0,0,0,0,0,0,0,0
547,b,a,W,15460,249,15,-2,a,0,0,0,0,0,0,0,0,0,0,0
548,b,a,W,22060,275,64,8,a,0,0,0,0,0,0,0,0,0,0,0
549,b,a,W,16330,270,7,-14,a,0,0,0,0,0,0,0,0,0,0,0
550,b,a,W,28910,307,115,20,a,0,0,0,0,0,0,0,0,0,0,0
551,b,a,W,81410,785,432,151,b,0,0,0,0,0,0,0,0,0,0,0
552,b,a,W,42110,555,213,118,a,0,0,0,0,0,0,0,0,0,0,0
553,b,a,W,26960,540,101,112,a,0,0,0,0,0,0,0,0,0,0,0
554,a,a,W,16130,322,2,2,a,0,0,0,0,0,0,0,0,0,0,0
555,a,a,W,12750,235,-10,-10,a,0,0,0,0,0,0,0,0,0,0,0
556,a,a,W,127360,351,-54,-53,a,1,1,0,0,0,0,0,0,700,700,1
557,a,b,W,715540,1471,-13,-4,a,2,2,0,0,0,0,0,0,900,600,1
558,a,b,N,92520,169,-73,-74,a,1,0,0,1,0,0,0,0,10000,10000,1
559,a,a,N,384230,751,4,6,a,3,1,2,0,0,0,0,0,9700,6000,1
560,a,a,W,1034700,1837,33,-6,a,1,0,1,0,0,0,0,0,2000,2000,1
561,a,a,W,1766860,2899,32,18,a,0,0,0,0,0,0,0,0,0,0,1
562,a,b,W,1061760,1443,-3,0,a,1,0,1,0,0,0,0,0,3000,3000,1
563,a,b,W,1514120,1518,28,12,a,3,2,1,0,0,0,0,0,1900,1000,1
564,b,b,W,1132810,1893,-14,34,a,5,3,2,0,0,0,0,0,7000,3000,1
565,b,b,W,600400,1688,-54,-1,b,2,1,1,0,0,0,0,0,2200,2000,1
566,b,b,W,588930,1807,-50,-2,a,1,0,1,0,0,0,0,0,4000,4000,1
567,a,a,W,509190,1758,-45,-15,a,2,1,1,0,0,0,0,0,2300,2000,1
568,a,a,W,627380,3155,-1,54,a,1,1,0,0,0,0,0,0,800,800,1
569,a,a,W,538060,2075,-5,-11,a,2,2,0,0,0,0,0,0,900,700,1
570,b,a,W,372470,1848,-35,-22,a,3,0,2,1,0,0,0,0,70000,60000,1
571,a,b,W,576200,1558,15,-22,a,6,3,3,0,0,0,0,0,21300,8000,1
572,a,b,W,836500,2313,55,19,a,4,0,4,0,0,0,0,0,19000,9000,1
573,b,b,W,754760,2218,30,15,a,2,1,1,0,0,0,0,0,3200,3000,1
574,b,a,W,450490,1437,-30,-28,a,6,2,4,0,0,0,0,0,12700,4000,1
575,b,a,W,932410,2464,47,28,a,7,4,2,1,0,0,0,0,36500,30000,1
576,b,a,W,568200,1834,-16,-7,a,4,2,1,1,0,0,0,0,32700,30000,1
577,a,a,W,447360,1332,-37,-33,a,2,1,1,0,0,0,0,0,8400,8000,1
578,b,a,W,993080,3023,49,56,a,3,1,0,2,0,0,0,0,70800,40000,1
579,b,a,W,788650,2361,18,17,a,3,2,1,0,0,0,0,0,6100,5000,1
580,b,a,W,415690,1486,-37,-26,a,1,0,1,0,0,0,0,0,7000,7000,1
581,b,a,W,649840,2256,6,17,a,3,1,2,0,0,0,0,0,8400,7000,1
582,b,a,W,380320,1545,-40,-24,a,4,1,2,1,0,0,0,0,30900,20000,1
583,b,a,W,401730,1329,-32,-31,a,3,2,0,1,0,0,0,0,91700,90000,1
584,b,a,W,557510,1946,5,8,a,3,2,1,0,0,0,0,0,5800,5000,1
585,a,a,W,434360,1584,-38,-60,a,2,0,2,0,0,0,0,0,9000,6000,1
586,b,a,W,388530,1539,-11,-11,a,2,1,1,0,0,0,0,0,3200,3000,1
587,a,a,W,261010,1352,-38,-19,a,2,1,1,0,0,0,0,0,3700,3000,1
588,b,a,W,394660,1764,-2,8,a,3,1,1,1,0,0,0,0,35900,30000,1
589,a,b,W,820600,3506,92,97,a,2,1,1,0,0,0,0,0,8700,8000,1
590,b,a,W,577770,2765,27,38,a,1,0,1,0,0,0,0,0,2000,2000,1
591,a,a,W,268170,1352,-41,-35,a,1,1,0,0,0,0,0,0,400,400,1
592,b,a,W,332180,1890,-33,-16,a,1,0,1,0,0,0,0,0,1000,1000,1
593,b,a,W,199030,1255,-30,-45,a,2,2,0,0,0,0,0,0,700,400,1
594,b,a,W,192650,1185,-8,-14,a,4,2,1,1,0,0,0,0,27100,20000,1
595,b,a,W,320110,1844,54,35,a,2,1,0,1,0,0,0,0,20600,20000,1
596,b,a,W,206610,1421,-7,1,a,2,1,1,0,0,0,0,0,4200,4000,1
597,a,a,N,65250,450,-74,-70,a,0,0,0,0,0,0,0,0,0,0,1
598,b,b,W,887140,3327,128,144,b,5,3,2,0,0,0,0,0,6200,2000,1
599,b,b,W,690550,3915,28,29,a,3,1,1,1,0,0,0,0,34400,30000,1
600,b,a,W,609620,2344,11,-22,a,2,2,0,0,0,0,0,0,900,500,1
601,b,a,W,581540,2102,7,-23,a,2,1,1,0,0,0,0,0,6500,6000,1
602,a,b,W,546980,2212,-3,-7,a,1,1,0,0,0,0,0,0,100,100,1
603,a,a,W,55730,387,-89,-87,a,3,2,1,0,0,0,0,0,9600,8000,1
604,b,a,W,91510,768,-78,-69,a,3,2,1,0,0,0,0,0,5900,5000,1
605,a,a,W,189840,1276,-50,-45,a,6,1,5,0,0,0,0,0,17900,7000,1
606,b,a,W,122850,886,-58,-52,a,3,2,1,0,0,0,0,0,6900,6000,1
607,b,a,W,91420,774,-61,-49,a,4,1,3,0,0,0,0,0,12700,9000,1
608,a,a,W,122640,979,10,21,a,6,4,2,0,0,0,0,0,9200,6000,1
609,b,b,W,122410,902,8,9,a,3,2,1,0,0,0,0,0,3600,3000,1
610,a,c,W,83180,744,-32,-19,a,3,1,2,0,0,0,0,0,14600,9000,1
611,b,a,W,19520,211,-2,6,a,2,1,1,0,0,0,0,0,3200,3000,1
612,b,a,W,38180,322,-6,0,a,3,1,2,0,0,0,0,0,11500,8000,1
613,b,b,W,68970,624,71,94,a,5,2,2,1,0,0,0,0,34400,20000,1
614,b,b,W,36100,285,-14,-19,a,6,3,3,0,0,0,0,0,14300,9000,1
615,a,a,W,34600,389,-13,6,a,4,0,4,0,0,0,0,0,15000,8000,1
616,b,a,W,45670,382,26,5,a,5,1,4,0,0,0,0,0,10800,5000,1
617,a,b,W,17660,224,-41,-27,a,5,2,3,0,0,0,0,0,9900,4000,1
618,b,b,W,54610,527,95,84,a,6,1,5,0,0,0,0,0,14700,4000,1
619,b,b,W,29410,345,-6,7,a,7,1,3,3,0,0,0,0,114400,70000,1
620,b,b,W,60390,622,96,96,a,9,4,4,1,0,0,0,0,40600,20000,1
621,b,b,W,39330,409,6,10,a,6,4,2,0,0,0,0,0,8200,6000,1
622,b,b,N,10370,134,-44,-6,a,3,1,2,0,0,0,0,0,6300,4000,1
623,b,b,W,34960,565,-27,2,a,5,1,4,0,0,0,0,0,14200,7000,1
624,a,b,W,61770,1062,31,90,a,6,2,4,0,0,0,0,0,10800,6000,1
625,a,a,N,4630,89,-56,-42,a,1,0,0,0,0,0,0,0,50,50,1
626,b,a,N,3250,68,-67,-54,a,1,0,0,1,0,0,0,0,30000,30000,1
627,a,b,N,19320,320,106,118,b,2,1,1,0,0,0,0,0,2300,2000,1
628,b,b,W,39700,805,-17,5,a,3,1,2,0,0,0,0,0,8700,5000,1
629,b,b,W,61140,306,22,-69,a,8,5,2,1,0,0,0,0,89400,80000,1
630,b,b,W,108750,384,96,-56,a,4,2,2,0,0,0,0,0,6200,3000,1
631,a,a,W,106610,546,26,43,a,6,2,4,0,0,0,0,0,20800,7000,1
632,a,a,W,80210,525,18,32,a,3,1,2,0,0,0,0,0,2700,1000,1
633,a,b,N,1860,33,-78,-30,a,1,0,1,0,0,0,0,0,4000,4000,1
634,b,b,W,31620,208,-64,-45,a,2,1,0,1,0,0,0,0,40400,40000,1
635,a,a,W,20380,162,-58,-59,a,2,1,1,0,0,0,0,0,4700,4000,1
636,a,a,N,7570,69,69,67,a,1,0,1,0,0,0,0,0,5000,5000,1
637,a,b,W,32690,380,-31,-5,a,2,2,0,0,0,0,0,0,1100,700,1
638,a,a,W,31250,430,-16,2,a,3,0,3,0,0,0,0,0,4000,2000,1
639,a,b,W,14990,185,-49,-51,a,2,1,1,0,0,0,0,0,4500,4000,1
640,b,b,W,13740,218,-55,-42,a,0,0,0,0,0,0,0,0,0,0,1
641,a,b,W,28520,483,-19,5,b,3,3,0,0,0,0,0,0,1700,700,1
642,b,b,W,92780,1256,173,172,b,5,2,2,1,0,0,0,0,23500,20000,1
643,a,b,W,81410,441,-19,-56,a,3,2,1,0,0,0,0,0,10200,9000,1
644,a,a,W,54150,307,-46,-35,a,3,3,0,0,0,0,0,0,800,300,1
645,a,a,W,69660,362,-10,-8,a,2,2,0,0,0,0,0,0,800,500,1
646,a,a,W,20250,157,-41,-39,a,4,3,1,0,0,0,0,0,2600,1000,1
647,a,a,W,29150,259,0,18,a,1,1,0,0,0,0,0,0,600,600,1
648,b,a,W,40200,334,45,59,a,1,1,0,0,0,0,0,0,900,900,1
649,a,a,N,4420,60,-2,28,a,0,0,0,0,0,0,0,0,0,0,1
650,a,b,W,31390,376,-7,18,a,2,0,2,0,0,0,0,0,6000,4000,1
651,b,a,W,11230,103,-65,-68,a,4,1,2,1,0,0,0,0,25200,20000,1
652,a,a,W,21760,250,-54,-48,a,2,2,0,0,0,0,0,0,600,400,1
653,a,b,W,20160,243,-47,-36,a,2,1,1,0,0,0,0,0,2700,2000,1
654,a,a,W,71080,767,88,94,a,5,3,2,0,0,0,0,0,4600,2000,1
655,a,a,W,50090,699,-5,19,a,3,1,2,0,0,0,0,0,12600,7000,1
656,a,b,W,44770,770,-22,2,a,1,0,1,0,0,0,0,0,1000,1000,1
657,b,a,W,51230,944,-10,8,a,2,0,2,0,0,0,0,0,5000,3000,1
658,b,a,W,29900,665,-50,-31,a,1,1,0,0,0,0,0,0,900,900,1
659,a,a,W,107100,1003,-28,-21,a,3,3,0,0,0,0,0,0,1600,600,1
660,b,a,W,127110,1140,-12,-9,a,3,1,1,1,0,0,0,0,22600,20000,1
661,b,a,W,134890,1411,-10,9,a,1,0,1,0,0,0,0,0,6000,6000,1
662,b,b,W,306400,2522,112,98,b,3,2,0,1,0,0,0,0,31000,30000,1
663,b,b,W,83490,898,-49,-37,b,2,1,0,0,1,0,0,0,100300,100000,1
664,a,a,W,95280,1031,-32,-21,a,2,1,1,0,0,0,0,0,3600,3000,1
665,a,a,N,12490,122,-59,-39,a,1,1,0,0,0,0,0,0,700,700,1
666,b,a,W,166220,1762,7,20,a,0,0,0,0,0,0,0,0,0,0,1
667,b,a,W,127010,1388,-30,-22,a,3,0,3,0,0,0,0,0,9000,5000,1
668,b,a,W,167100,1690,-7,-6,a,1,0,1,0,0,0,0,0,7000,7000,1
669,b,a,W,254750,2932,50,66,a,1,0,1,0,0,0,0,0,2000,2000,1
670,b,a,W,118110,1660,-34,-15,a,1,0,1,0,0,0,0,0,2000,2000,1
671,a,a,N,6040,112,-44,-24,a,2,1,1,0,0,0,0,0,2400,2000,1
672,a,a,W,18960,178,-38,-47,a,3,2,1,0,0,0,0,0,5800,5000,1
673,a,b,N,52000,134,44,97,a,0,0,0,0,0,0,0,0,0,0,1
674,a,a,W,79240,1381,124,47,a,0,0,0,0,0,0,0,0,0,0,1
675,a,b,W,21060,242,-14,-42,a,0,0,0,0,0,0,0,0,0,0,1
676,b,a,W,49510,521,89,27,a,0,0,0,0,0,0,0,0,0,0,1
677,a,b,W,31800,769,295,313,b,0,0,0,0,0,0,0,0,0,0,1
678,b,b,W,19680,288,121,37,b,0,0,0,0,0,0,0,0,0,0,1
679,a,a,W,17670,538,4,-3,a,0,0,0,0,0,0,0,0,0,0,1
680,b,a,W,20860,470,180,131,a,0,0,0,0,0,0,0,0,0,0,1
681,b,a,W,29500,794,119,106,a,0,0,0,0,0,0,0,0,0,0,1
682,b,b,W,42220,515,159,79,a,0,0,0,0,0,0,0,0,0,0,1
683,b,b,W,61620,1211,176,104,a,0,0,0,0,0,0,0,0,0,0,1
684,b,b,W,46640,1439,88,116,a,0,0,0,0,0,0,0,0,0,0,1
685,b,b,W,21060,588,-37,-36,b,0,0,0,0,0,0,0,0,0,0,1
686,a,a,W,25200,318,-20,-40,a,1,0,1,0,0,0,0,0,1000,1000,1
687,b,b,W,55200,1259,35,9,a,1,0,1,0,0,0,0,0,4000,4000,1
688,a,a,W,40070,501,16,-11,a,0,0,0,0,0,0,0,0,0,0,1
689,a,b,W,64380,844,94,57,a,4,3,1,0,0,0,0,0,4200,3000,1
690,a,b,W,35450,567,6,8,a,2,2,0,0,0,0,0,0,600,500,1
691,a,b,W,43270,673,29,28,a,0,0,0,0,0,0,0,0,0,0,1
692,b,b,W,36100,608,8,17,a,0,0,0,0,0,0,0,0,0,0,1
693,a,b,W,18820,396,-45,-28,a,0,0,0,0,0,0,0,0,0,0,1
694,b,b,W,58460,540,73,1,a,2,1,1,0,0,0,0,0,3900,3000,1
695,b,a,W,19890,236,-40,-55,a,1,0,1,0,0,0,0,0,8000,8000,1
696,b,a,W,20550,381,-37,-26,a,0,0,0,0,0,0,0,0,0,0,1
697,b,a,W,26210,619,-20,20,a,0,0,0,0,0,0,0,0,0,0,1
698,a,a,N,7290,185,-20,0,a,0,0,0,0,0,0,0,0,0,0,1
699,b,a,W,58850,679,113,-20,a,3,3,0,0,0,0,0,0,1300,800,1
700,a,b,W,59840,696,124,7,a,2,1,1,0,0,0,0,0,6300,6000,1
701,a,b,W,66030,812,112,52,a,0,0,0,0,0,0,0,0,0,0,1
702,b,b,W,21220,540,-26,-14,b,0,0,0,0,0,0,0,0,0,0,1
703,a,a,W,20760,324,41,6,a,1,1,0,0,0,0,0,0,400,400,1
704,b,a,W,27320,453,17,-4,a,0,0,0,0,0,0,0,0,0,0,1
705,a,a,W,48560,726,105,58,a,0,0,0,0,0,0,0,0,0,0,1
706,b,b,W,45330,648,72,40,b,2,2,0,0,0,0,0,0,900,600,1
707,a,a,W,32810,524,-3,-2,a,0,0,0,0,0,0,0,0,0,0,1
708,a,a,W,77740,758,182,57,a,2,1,1,0,0,0,0,0,1200,1000,1
709,a,a,W,46540,729,69,51,a,1,1,0,0,0,0,0,0,300,300,1
710,a,c,W,67230,1155,57,75,b,2,1,1,0,0,0,0,0,3500,3000,1
711,a,c,W,95180,1144,122,73,b,2,0,1,1,0,0,0,0,27000,20000,1
712,b,b,N,16930,792,121,234,a,1,1,0,0,0,0,0,0,200,200,1
713,b,a,W,59360,1033,107,31,a,2,1,1,0,0,0,0,0,2400,2000,1
714,b,a,W,99010,1360,82,62,a,3,1,2,0,0,0,0,0,4200,2000,1
715,b,b,W,49120,485,96,-3,a,0,0,0,0,0,0,0,0,0,0,1
716,a,b,W,32920,363,32,-27,a,0,0,0,0,0,0,0,0,0,0,1
717,b,b,W,40620,398,56,-18,a,0,0,0,0,0,0,0,0,0,0,1
718,a,a,W,18590,320,-34,-31,a,0,0,0,0,0,0,0,0,0,0,1
719,b,a,W,25160,411,-20,-8,a,0,0,0,0,0,0,0,0,0,0,1
720,a,b,W,34350,462,15,5,a,0,0,0,0,0,0,0,0,0,0,1
721,a,a,N,1620,55,-85,-72,a,0,0,0,0,0,0,0,0,0,0,1
722,a,a,W,10910,269,-30,-5,a,1,0,1,0,0,0,0,0,1000,1000,1
723,b,a,W,36410,646,152,142,a,0,0,0,0,0,0,0,0,0,0,1
724,a,a,N,9070,195,-11,4,a,0,0,0,0,0,0,0,0,0,0,1
725,a,a,W,28000,572,115,119,a,0,0,0,0,0,0,0,0,0,0,1
